{"cnn_top1": 85.6, "cnn_top5": 99.4, "nme_top1": 86.5, "nme_top5": 99.3, "_timestamp": 1688411471.4002593, "_runtime": 2671.215181350708, "_step": 0}